{
	"name": "milligram",
	"version": "1.1.0",
	"description": "A minimalist CSS framework.",
	"homepage": "http://milligram.github.io",
	"repository": "milligram/milligram",
	"license": "MIT",
	"author": "CJ Patoilo <cjpatoilo@gmail.com>",
	"main": "dist/milligram.css",
	"keywords": [
		"bootstrap",
		"css",
		"css3",
		"flexbox",
		"front-end",
		"framework",
		"html",
		"html5",
		"kickstarter",
		"less",
		"responsive",
		"mobile",
		"mobile-first",
		"postcss",
		"responsive",
		"sass",
		"scss",
		"stylus"
	],
	"ignore": [
		".editorconfig",
		".gitignore",
		".npmignore",
		".travis.yml",
		"bower.json",
		"component.json",
		"composer.json",
		"contributing.md",
		"gruntfile.js",
		"package.js",
		"package.json",
		"src",
		"test"
	],
	"repo": "milligram/milligram",
	"styles": [
		"demo",
		"dist/milligram.css",
		"dist/milligram.min.css",
		"license",
		"readme.md"
	]
}
